"DESCRIPTION","DURATION IN MS","NAME","PARENT SUITE","START TIME","STATUS","STOP TIME","SUB SUITE","SUITE","TEST CLASS","TEST METHOD"
"","0","651d5e7c-fb43-4380-b57b-fb385f6c6ba8","","Mon Oct 27 15:20:19 IST 2025","passed","Mon Oct 27 15:20:19 IST 2025","","","",""
"","0","389e7740-19a8-4ebd-a666-8378fe352f0e","","Sun Oct 26 18:51:17 IST 2025","passed","Sun Oct 26 18:51:17 IST 2025","","","",""
"","0","cmh3ea7w600013l7lz9sth2te","","Thu Oct 23 17:55:01 IST 2025","passed","Thu Oct 23 17:55:01 IST 2025","","","",""
"","0","fab859d4-8a4c-4756-964b-205735ab75fc","","Sun Oct 26 18:56:10 IST 2025","passed","Sun Oct 26 18:56:10 IST 2025","","","",""
"","0","c777b1af-e31d-4c90-bd61-627f6fce1db3","","Sun Oct 26 18:40:07 IST 2025","passed","Sun Oct 26 18:40:07 IST 2025","","","",""
"","0","9f8f759d-55f6-49c0-b814-450135e6d21e","","Sun Oct 26 17:34:25 IST 2025","passed","Sun Oct 26 17:34:25 IST 2025","","","",""
"","0","cmh3ixyis00037f4ycirobqhj","","Thu Oct 23 20:05:28 IST 2025","passed","Thu Oct 23 20:05:28 IST 2025","","","",""
"","1","cmh3e7ahs0005qx1uf45xkdtb","","Thu Oct 23 17:52:45 IST 2025","passed","Thu Oct 23 17:52:45 IST 2025","","","",""
"","0","82d71641-3d8a-4acc-ad1c-566a8801d2bf","","Sat Oct 25 00:17:03 IST 2025","passed","Sat Oct 25 00:17:03 IST 2025","","","",""
"","0","cmh3in91c0009bnablib61tpn","","Thu Oct 23 19:57:08 IST 2025","passed","Thu Oct 23 19:57:08 IST 2025","","","",""
"","0","cmh4eakdm000do6enco2b3yzc","","Fri Oct 24 10:43:04 IST 2025","passed","Fri Oct 24 10:43:04 IST 2025","","","",""
"","0","cmh4dg3wp0009o6enc5vu8lx2","","Fri Oct 24 10:19:23 IST 2025","passed","Fri Oct 24 10:19:23 IST 2025","","","",""
"","0","7f45afa8-e997-437f-afc8-4331978911c6","","Mon Oct 27 14:28:15 IST 2025","passed","Mon Oct 27 14:28:15 IST 2025","","","",""
"","0","1ba07ffe-ea7e-45e5-9c8b-4dbf103f6b66","","Sun Oct 26 19:27:52 IST 2025","passed","Sun Oct 26 19:27:52 IST 2025","","","",""
"","0","cmh3id9mc0003bnabbi5bpjgp","","Thu Oct 23 19:49:22 IST 2025","passed","Thu Oct 23 19:49:22 IST 2025","","","",""
